bill/BillingPeriodStartDate,bill/BillingPeriodEndDate,lineItem/UsageAccountId,lineItem/LineItemType,lineItem/UsageStartDate,lineItem/UsageEndDate,lineItem/ProductCode,lineItem/UsageType,lineItem/Operation,lineItem/ResourceId,lineItem/UsageAmount,lineItem/UnblendedCost,lineItem/LineItemDescription,product/productFamily,product/instanceType,product/region,pricing/unit,status,decision
2026-07-01T00:00:00Z,2026-07-31T23:59:59Z,123456789012,Usage,2026-07-01T00:00:00Z,2026-07-02T00:00:00Z,AmazonEC2,BoxUsage:t3.large,RunInstances,i-08a3f9c2b7e1d4f6a,1.08,0.089856,USD 0.0832 hourly for t3.large instance usage,Compute Instance,t3.large,us-east-1,Hrs,pending,
2026-07-01T00:00:00Z,2026-07-31T23:59:59Z,123456789012,Usage,2026-07-03T00:00:00Z,2026-07-04T00:00:00Z,AmazonS3,TimedStorage-ByteHrs,StandardStorage,old-backups-2019,768.0,17.664,USD 0.023 per GB-month of standard storage,Storage,,us-east-1,GB-Mo,pending,
2026-07-01T00:00:00Z,2026-07-31T23:59:59Z,123456789012,Usage,2026-07-05T00:00:00Z,2026-07-06T00:00:00Z,AmazonRDS,InstanceUsage:db.r5.xlarge,CreateDBInstance,db-dev-analytics-01,1.12,1.38208,USD 1.234 hourly for db.r5.xlarge instance,Database Instance,db.r5.xlarge,us-west-2,Hrs,pending,
2026-07-01T00:00:00Z,2026-07-31T23:59:59Z,123456789012,Usage,2026-07-07T00:00:00Z,2026-07-08T00:00:00Z,AmazonEC2,ElasticIP:IdleAddress,IdleAddress,eipalloc-0d4f6a8c2b7e1,1.03,0.00515,USD 0.005 hourly for unattached Elastic IP,IP Address,,us-east-1,Hrs,pending,
2026-07-01T00:00:00Z,2026-07-31T23:59:59Z,123456789012,Usage,2026-07-10T00:00:00Z,2026-07-11T00:00:00Z,AWSLambda,Lambda-GB-Second,Invoke,triage-notifier-fn,2795.52,5.5e-05,USD 0.0000166667 per GB-second,Serverless,,us-east-1,GB-Seconds,pending,
2026-07-01T00:00:00Z,2026-07-31T23:59:59Z,123456789012,Tax,2026-07-12T00:00:00Z,2026-07-13T00:00:00Z,AmazonEC2,,,,,4.3672,Sales Tax,Tax,,us-east-1,,excluded,
2026-07-01T00:00:00Z,2026-07-31T23:59:59Z,123456789012,Usage,2026-07-14T00:00:00Z,2026-07-15T00:00:00Z,AmazonEC2,BoxUsage:t3.large,RunInstances,i-08a3f9c2b7e1d4f6a,1.15,0.09568,USD 0.0832 hourly for t3.large instance usage,Compute Instance,t3.large,us-east-1,Hrs,pending,
2026-07-01T00:00:00Z,2026-07-31T23:59:59Z,123456789012,Usage,2026-07-16T00:00:00Z,2026-07-17T00:00:00Z,AmazonS3,TimedStorage-ByteHrs,StandardStorage,old-backups-2019,784.0,18.032,USD 0.023 per GB-month of standard storage,Storage,,us-east-1,GB-Mo,pending,
2026-07-01T00:00:00Z,2026-07-31T23:59:59Z,123456789012,Usage,2026-07-18T00:00:00Z,2026-07-19T00:00:00Z,AmazonRDS,InstanceUsage:db.r5.xlarge,CreateDBInstance,db-dev-analytics-01,1.04,1.28336,USD 1.234 hourly for db.r5.xlarge instance,Database Instance,db.r5.xlarge,us-west-2,Hrs,pending,
2026-07-01T00:00:00Z,2026-07-31T23:59:59Z,123456789012,Usage,2026-07-20T00:00:00Z,2026-07-21T00:00:00Z,AmazonEC2,ElasticIP:IdleAddress,IdleAddress,eipalloc-0d4f6a8c2b7e1,0.94,0.0047,USD 0.005 hourly for unattached Elastic IP,IP Address,,us-east-1,Hrs,pending,
2026-07-01T00:00:00Z,2026-07-31T23:59:59Z,123456789012,Usage,2026-07-22T00:00:00Z,2026-07-23T00:00:00Z,AWSLambda,Lambda-GB-Second,Invoke,triage-notifier-fn,3379.2,6.6e-05,USD 0.0000166667 per GB-second,Serverless,,us-east-1,GB-Seconds,pending,
2026-07-01T00:00:00Z,2026-07-31T23:59:59Z,123456789012,Tax,2026-07-24T00:00:00Z,2026-07-25T00:00:00Z,AmazonEC2,,,,,4.2024,Sales Tax,Tax,,us-east-1,,excluded,
2026-07-01T00:00:00Z,2026-07-31T23:59:59Z,123456789012,Usage,2026-07-26T00:00:00Z,2026-07-27T00:00:00Z,AmazonEC2,BoxUsage:t3.large,RunInstances,i-08a3f9c2b7e1d4f6a,0.97,0.080704,USD 0.0832 hourly for t3.large instance usage,Compute Instance,t3.large,us-east-1,Hrs,pending,
2026-07-01T00:00:00Z,2026-07-31T23:59:59Z,123456789012,Usage,2026-07-28T00:00:00Z,2026-07-29T00:00:00Z,AmazonS3,TimedStorage-ByteHrs,StandardStorage,old-backups-2019,904.0,20.792,USD 0.023 per GB-month of standard storage,Storage,,us-east-1,GB-Mo,pending,
2026-07-01T00:00:00Z,2026-07-31T23:59:59Z,123456789012,Usage,2026-07-30T00:00:00Z,2026-07-31T00:00:00Z,AmazonRDS,InstanceUsage:db.r5.xlarge,CreateDBInstance,db-dev-analytics-01,1.05,1.2957,USD 1.234 hourly for db.r5.xlarge instance,Database Instance,db.r5.xlarge,us-west-2,Hrs,pending,
2026-07-01T00:00:00Z,2026-07-31T23:59:59Z,123456789012,Usage,2026-07-02T00:00:00Z,2026-07-03T00:00:00Z,AmazonEC2,ElasticIP:IdleAddress,IdleAddress,eipalloc-0d4f6a8c2b7e1,0.92,0.0046,USD 0.005 hourly for unattached Elastic IP,IP Address,,us-east-1,Hrs,pending,
2026-07-01T00:00:00Z,2026-07-31T23:59:59Z,123456789012,Usage,2026-07-06T00:00:00Z,2026-07-07T00:00:00Z,AWSLambda,Lambda-GB-Second,Invoke,triage-notifier-fn,3287.04,6.4e-05,USD 0.0000166667 per GB-second,Serverless,,us-east-1,GB-Seconds,pending,
2026-07-01T00:00:00Z,2026-07-31T23:59:59Z,123456789012,Tax,2026-07-09T00:00:00Z,2026-07-10T00:00:00Z,AmazonEC2,,,,,4.1612,Sales Tax,Tax,,us-east-1,,excluded,
2026-07-01T00:00:00Z,2026-07-31T23:59:59Z,123456789012,Usage,2026-07-13T00:00:00Z,2026-07-14T00:00:00Z,AmazonEC2,BoxUsage:t3.large,RunInstances,i-08a3f9c2b7e1d4f6a,1.16,0.096512,USD 0.0832 hourly for t3.large instance usage,Compute Instance,t3.large,us-east-1,Hrs,pending,
2026-07-01T00:00:00Z,2026-07-31T23:59:59Z,123456789012,Usage,2026-07-17T00:00:00Z,2026-07-18T00:00:00Z,AmazonS3,TimedStorage-ByteHrs,StandardStorage,old-backups-2019,760.0,17.48,USD 0.023 per GB-month of standard storage,Storage,,us-east-1,GB-Mo,pending,
2026-07-01T00:00:00Z,2026-07-31T23:59:59Z,123456789012,Usage,2026-07-21T00:00:00Z,2026-07-22T00:00:00Z,AmazonRDS,InstanceUsage:db.r5.xlarge,CreateDBInstance,db-dev-analytics-01,1.09,1.34506,USD 1.234 hourly for db.r5.xlarge instance,Database Instance,db.r5.xlarge,us-west-2,Hrs,pending,
2026-07-01T00:00:00Z,2026-07-31T23:59:59Z,123456789012,Usage,2026-07-25T00:00:00Z,2026-07-26T00:00:00Z,AmazonEC2,ElasticIP:IdleAddress,IdleAddress,eipalloc-0d4f6a8c2b7e1,1.0,0.005,USD 0.005 hourly for unattached Elastic IP,IP Address,,us-east-1,Hrs,pending,
2026-07-01T00:00:00Z,2026-07-31T23:59:59Z,123456789012,Usage,2026-07-27T00:00:00Z,2026-07-28T00:00:00Z,AWSLambda,Lambda-GB-Second,Invoke,triage-notifier-fn,3409.92,6.7e-05,USD 0.0000166667 per GB-second,Serverless,,us-east-1,GB-Seconds,pending,
2026-07-01T00:00:00Z,2026-07-31T23:59:59Z,123456789012,Tax,2026-07-29T00:00:00Z,2026-07-30T00:00:00Z,AmazonEC2,,,,,4.0788,Sales Tax,Tax,,us-east-1,,excluded,
